Source IP,Destination IP,Destination Port,Bwd Packet Length Min,Bwd Packet Length Max,Bwd Packet Length Mean,Bwd Packet Length Std,Packet Length Variance,Packet Length Mean,Packet Length Std,Min Packet Length,Max Packet Length,Average Packet Size,Total Length of Fwd Packets,Total Length of Bwd Packets,Bwd Packets/s,Fwd Packets/s,Init_Win_bytes_forward,Fwd Packet Length Min,Fwd Packet Length Max,Fwd Header Length,Bwd Header Length,Subflow Fwd Packets,Subflow Bwd Packets,Subflow Bwd Bytes,Avg Bwd Segment Size,Flow IAT Std,Fwd IAT Max,URG Flag Count,ACK Flag Count,PSH Flag Count,SYN Flag Count,FIN Flag Count,Active Min,Idle Std,Flow IAT Mean,Flow IAT Max,Fwd IAT Std,Fwd Packet Length Mean,Avg Fwd Segment Size,Flow Bytes/s
127.0.0.1,127.0.0.1,8501,54,54,54.0,0.0,133.33333333333334,64.0,11.547005383792515,54,74,64.0,148,108,21129.994962216624,21129.994962216624,65495,74,74,130990,0,2,2,108,54.0,1.9754721417568357e-05,5.412101745605469e-05,0,2,0,2,0,1.7404556274414062e-05,1.9754721417568357e-05,3.155072530110677e-05,5.412101745605469e-05,0.0,74.0,74.0,2704639.355163728
127.0.0.1,127.0.0.1,8501,54,54,54.0,0.0,114.28571428571429,64.0,10.690449676496975,54,74,64.0,296,216,0.0034570375043194565,0.0034570375043194565,65495,74,74,261980,0,4,4,216,54.0,437.32756227474096,1157.0599994659424,0,4,0,4,0,6.67572021484375e-06,437.32756227474096,165.29429336956568,1157.0599830150604,668.0288905975235,74.0,74.0,0.4425008005528904
127.0.0.1,127.0.0.1,51362,72,72,72.0,0.0,6.243032329988852,68.66666666666667,2.498606077393724,66,72,68.66666666666667,13400,7200,0.06802719308764554,0.1360543861752911,611,66,68,122200,93000,200,100,7200,72.0,11.12354672561169,30.00194525718689,0,300,200,0,0,5.4836273193359375e-06,11.12354672561169,4.91638924605073,30.00194525718689,12.956963607743367,67.0,67.0,14.013601776054982
31.209.137.48,192.168.0.107,50962,66,89,77.5,11.539049348362523,132.24919835089327,77.54054054054055,11.499965145638193,66,89,77.54054054054055,11482,11470,0.10131942899508309,0.10131942899508309,74,66,89,10952,90872,148,148,11470,77.5,5.325398266760926,13.380113363265991,0,296,148,0,0,4.315376281738281e-05,5.325398266760926,4.951616094071986,13.10137391090393,3.1380168953444163,77.58108108108108,77.58108108108108,15.712726583075318
192.168.0.107,192.168.0.104,60000,66,497,154.66666666666666,171.64109841954132,17766.81818181818,129.5,133.29222851246124,66,497,129.5,626,928,25.220906459708,25.220906459708,64240,66,288,66748,72325,6,6,928,154.66666666666666,0.0462535674838386,0.11765241622924805,0,11,3,2,2,3.0040740966796875e-05,0.0462535674838386,0.021627079356800426,0.11761212348937988,0.062060113309789264,104.33333333333333,104.33333333333333,6532.214773064373
192.168.0.107,142.250.195.118,443,66,1466,630.0,672.3419043638708,321597.9953846154,399.34615384615387,567.0961077142175,66,1466,399.34615384615387,2823,7560,0.1989133450628688,0.23206556924001362,64240,66,1466,71525,77021,14,12,7560,630.0,9.756488254167449,47.68204045295715,0,25,6,2,2,6.198883056640625e-06,9.756488254167449,2.4131110954284667,47.68204045295715,13.386623233503634,201.64285714285714,201.64285714285714,172.10977181564726
192.168.0.107,142.250.205.35,443,66,1466,476.0,658.9830549161842,312134.27368421055,366.2,558.6897830497802,66,1466,366.2,2564,4760,0.7879346455395508,0.7879346455395508,64240,66,1466,69088,74933,10,10,4760,476.0,2.3276314199674046,10.015159130096436,0,19,4,2,2,1.049041748046875e-05,2.3276314199674046,0.6679688378384239,9.957826614379883,3.3404813085643426,256.4,256.4,577.083334393167
192.168.0.107,192.168.0.104,8009,66,411,124.83333333333333,140.22897941105705,14030.810606060606,118.91666666666667,118.45172268084836,66,411,118.91666666666667,678,749,9.743771779027087,9.743771779027087,64240,66,328,66747,46920,6,6,749,124.83333333333333,0.17274483298914206,0.5811457633972168,0,11,2,2,3,1.1682510375976562e-05,0.17274483298914206,0.0559798153963956,0.5762178897857666,0.256750713387751,113.0,113.0,2317.393721445276
192.168.0.107,142.250.195.46,443,66,1466,694.5,672.181861214251,336739.92,427.0,580.2929604949555,66,1466,427.0,2768,8334,0.19603521267601248,0.22870774812201455,64240,66,1466,71637,77021,14,12,8334,694.5,9.623998858028553,46.46611976623535,0,25,6,2,2,1.1444091796875e-05,9.623998858028553,2.448539695739746,46.46611976623535,13.18106497073813,197.71428571428572,197.71428571428572,181.36524426075755
192.168.0.107,192.168.0.104,8009,66,74,67.6,3.5777087639996634,188826.25454545455,219.63636363636363,434.5414301829626,66,1514,219.63636363636363,2078,338,59.12516880605136,70.95020256726164,64240,66,1514,66750,46474,6,5,338,67.6,0.014225551666674281,0.03576302528381348,0,10,1,2,2,1.5974044799804688e-05,0.014225551666674281,0.00845663547515869,0.035657644271850586,0.017770238647534842,346.3333333333333,346.3333333333333,28569.281567084017
192.168.0.107,192.168.0.104,8009,54,159,84.375,37.43160429369813,133277.45,206.875,365.0718422447834,54,1514,206.875,2635,675,821.8485353188988,821.8485353188988,64240,66,1514,67754,47244,8,8,675,84.375,0.0013237523675809265,0.005155801773071289,0,13,5,2,2,5.9604644775390625e-06,0.0013237523675809265,0.0006489435831705729,0.005155801773071289,0.0018338800259851027,329.375,329.375,340039.83148819435
192.168.0.107,104.21.65.228,443,66,105,69.9,12.33288287465668,84.5,68.16666666666667,9.192388155425117,66,105,68.16666666666667,528,699,0.032344884462286595,0.025875907569829278,600,66,66,4800,80,8,10,699,69.9,22.819939463324417,49.08970642089844,0,18,1,0,2,6.365776062011719e-05,22.819939463324417,18.186347049825333,48.95477843284607,8.064801981653552,66.0,66.0,3.9687173235225655
192.168.0.107,142.250.182.1,443,66,1466,791.0,674.5066573201711,364793.8448275862,464.5,603.9816593470254,66,1466,464.5,2861,11074,0.21309359653413196,0.24353553889615082,64240,66,1466,72841,79113,16,14,11074,791.0,9.187896312578768,46.25913715362549,0,29,7,2,2,8.106231689453125e-06,9.187896312578768,2.2654769009557265,46.25913715362549,12.607027731808884,178.8125,178.8125,212.10423340736634
192.168.0.107,142.250.195.195,443,66,2866,627.2222222222222,972.9478117784347,533016.3052631579,408.9,730.0796567931186,66,2866,408.9,2533,5645,0.13963252748142457,0.17066197803285227,64240,66,1466,69781,73889,11,9,5645,627.2222222222222,11.006534934061797,45.018014669418335,0,19,5,2,2,2.0742416381835938e-05,11.006534934061797,3.3923629334098413,45.018014669418335,14.84793076849133,230.27272727272728,230.27272727272728,126.8794233047878
192.168.0.107,192.168.0.104,8009,54,159,85.28571428571429,40.334907486007225,149965.5164835165,203.14285714285714,387.25381403353083,54,1514,203.14285714285714,2247,597,111.87495665626417,111.87495665626417,64240,66,1514,67252,46474,7,7,597,85.28571428571429,0.012031448868556489,0.04332780838012695,0,11,4,2,2,1.0251998901367188e-05,0.012031448868556489,0.004813065895667443,0.04330015182495117,0.017247036561665156,321.0,321.0,45453.196675773615
192.168.0.107,23.216.153.71,443,66,90,70.0,9.797958971132712,48.0,68.0,6.928203230275509,66,90,68.0,396,420,0.03667098648837664,0.03667098648837664,501,66,66,3006,3006,6,6,420,70.0,21.439003606902894,49.05599880218506,0,12,1,0,1,4.863739013671875e-05,21.439003606902894,14.874280669472434,48.90516018867493,20.764349958638388,66.0,66.0,4.987254162419223
192.168.0.107,31.209.137.10,443,66,611,132.75,155.41622999369966,291477.5641025641,395.77777777777777,539.88662152582,66,1472,395.77777777777777,9093,1593,0.3481803585487236,0.4352254481859045,65228,66,1472,72341,66534,15,12,1593,132.75,4.653618241216523,19.96413254737854,0,26,8,2,1,1.621246337890625e-05,4.653618241216523,1.325572940019461,19.964105129241943,6.216187402677469,606.2,606.2,310.05460928763836
192.168.0.107,192.168.0.104,8009,66,74,67.6,3.5777087639996634,191053.45454545456,228.36363636363637,437.0966192336135,66,1514,228.36363636363637,2174,338,19.706222843654626,23.64746741238555,64240,66,1514,66750,46474,6,5,338,67.6,0.050518781901502836,0.1333773136138916,0,10,1,2,2,1.4781951904296875e-05,0.050518781901502836,0.025372695922851563,0.13331151008605957,0.06636007550944145,362.3333333333333,362.3333333333333,9900.406356652084
192.168.0.107,116.119.204.140,443,66,1779,478.09090909090907,706.156420992609,339277.9502164502,359.04545454545456,582.475707833769,66,1779,359.04545454545456,2640,5259,0.1609904675804282,0.1609904675804282,64240,66,1466,69681,76134,11,11,5259,478.09090909090907,10.482713520416057,46.633952617645264,0,21,3,2,2,8.344650268554688e-06,10.482713520416057,3.253667944953555,46.620802879333496,14.74274283706686,240.0,240.0,115.60579121980022
192.168.0.107,116.119.96.82,443,66,1466,477.0,641.8646274721797,287625.1581027668,344.39130434782606,536.3069625715918,66,1466,344.39130434782606,2674,5247,0.167663854027792,0.18290602257577307,64240,66,1466,70275,76244,12,11,5247,477.0,10.425044538063561,48.00832271575928,0,22,3,2,2,1.2159347534179688e-05,10.425044538063561,2.9821573820981113,47.99907994270325,14.453609681058648,222.83333333333334,222.83333333333334,120.7332170685582
192.168.0.107,116.119.96.82,443,66,1466,477.09090909090907,641.8494300917396,287628.347826087,344.4347826086956,536.3099363484579,66,1466,344.4347826086956,2674,5248,0.16766453400171205,0.18290676436550404,64240,66,1466,70340,76244,12,11,5248,477.09090909090907,10.425939107927956,48.01260805130005,0,22,3,2,2,8.58306884765625e-06,10.425939107927956,2.9821452877738257,48.003137826919556,14.454987805987322,222.83333333333334,222.83333333333334,120.74894894196026
192.168.0.107,31.209.137.10,443,66,488,122.5,121.3241338503822,235046.08153846153,338.1923076923077,484.8155128896574,66,1472,338.1923076923077,7323,1470,0.5015415195469083,0.5851317728047264,65228,66,1472,71836,66540,14,12,1470,122.5,4.019929069301509,20.00862956047058,0,25,7,2,1,1.049041748046875e-05,4.019929069301509,0.9570493793487549,20.008554935455322,5.528373788915968,523.0714285714286,523.0714285714286,367.5045484479971
127.0.0.1,127.0.0.1,8501,54,54,54.0,0.0,133.33333333333334,64.0,11.547005383792515,54,74,64.0,148,108,27413.75163398693,27413.75163398693,65495,74,74,130990,0,2,2,108,54.0,1.969660716278351e-05,4.696846008300781e-05,0,2,0,2,0,1.1205673217773438e-05,1.969660716278351e-05,2.4318695068359375e-05,4.696846008300781e-05,0.0,74.0,74.0,3508960.209150327
127.0.0.1,127.0.0.1,8501,54,54,54.0,0.0,133.33333333333334,64.0,11.547005383792515,54,74,64.0,148,108,71697.50427350428,71697.50427350428,65495,74,74,130990,0,2,2,108,54.0,2.5788912359218523e-06,1.1444091796875e-05,0,2,0,2,0,6.4373016357421875e-06,2.5788912359218523e-06,9.298324584960938e-06,1.1444091796875e-05,0.0,74.0,74.0,9177280.547008548
192.168.0.107,142.250.195.78,443,66,1466,692.5,671.0974052048832,335587.6246153846,425.7692307692308,579.2992530768399,66,1466,425.7692307692308,2760,8310,0.16304563392261542,0.19021990624305132,64240,66,1466,71615,77021,14,12,8310,692.5,10.552791351645574,46.53188347816467,0,25,6,2,2,7.867813110351562e-06,10.552791351645574,2.9439610767364504,46.53188347816467,14.35833153015875,197.14285714285714,197.14285714285714,150.40959729361273
192.168.0.107,142.250.205.238,443,66,2866,817.6,938.7508484979151,539351.0553359684,475.3478260869565,734.4052391806368,66,2866,475.3478260869565,2757,8176,0.13931393286172264,0.18110811272023944,64240,66,1466,70950,74932,13,10,8176,817.6,11.272136229862747,48.79910373687744,0,22,6,2,2,1.3113021850585938e-05,11.272136229862747,3.2627422484484585,48.79910373687744,14.995426280848521,212.07692307692307,212.07692307692307,152.31192279772137
192.168.0.107,116.119.62.143,443,66,2866,519.4,984.4506872137149,570762.3578947368,383.6,755.4881586727464,66,2866,383.6,2478,5194,0.143538944493232,0.143538944493232,64240,66,1466,69151,74937,10,10,5194,519.4,11.055832592322343,46.802303075790405,0,19,3,2,2,6.67572021484375e-06,11.055832592322343,3.666710740641544,46.79061937332153,15.487504287283445,247.8,247.8,110.1230782152076
192.168.0.107,116.119.62.142,443,66,2866,519.4,984.4506872137149,571510.1473684211,388.4,755.9829015053324,66,2866,388.4,2574,5194,0.14555008783644285,0.14555008783644285,64240,66,1466,69151,74929,10,10,5194,519.4,10.871749709533054,45.83721327781677,0,19,3,2,2,2.1696090698242188e-05,10.871749709533054,3.6160458389081453,45.82842564582825,15.222653433774227,257.4,257.4,113.0633082313488
192.168.0.107,31.209.137.10,443,66,487,120.08333333333333,121.96233273458083,258431.36,349.0,508.3614462171576,66,1472,349.0,7633,1441,0.4454217974891724,0.5196587637373677,65228,66,1472,71836,66542,14,12,1441,120.08333333333333,4.144589410101931,20.096595287322998,0,25,7,2,1,1.0967254638671875e-05,4.144589410101931,1.0776302433013916,20.096510410308838,5.668089822693517,545.2142857142857,545.2142857142857,336.8131158680625
192.168.0.107,182.79.238.146,443,54,3180,517.0,1034.0424448627714,618241.0947368421,385.6,786.2830881666234,54,3180,385.6,2542,5170,0.109668542071118,0.109668542071118,64240,66,1466,69130,73283,10,10,5170,517.0,12.592777250288647,46.22851586341858,0,18,3,2,2,1.2636184692382812e-05,12.592777250288647,4.799150052823518,46.21823453903198,17.215964634183923,254.2,254.2,84.5763796452462
192.168.0.107,116.119.204.141,443,54,1781,476.09090909090907,707.9203987095519,339806.91991341993,356.59090909090907,582.9296011641713,54,1781,356.59090909090907,2608,5237,0.12140121156174344,0.12140121156174344,64240,66,1466,69681,75161,11,11,5237,476.09090909090907,11.890176495241446,45.649680614471436,0,20,3,2,2,9.298324584960938e-06,11.890176495241446,4.314697662989299,45.63969802856445,16.331328794717265,237.0909090909091,237.0909090909091,86.58113679107976
192.168.0.107,182.79.253.79,443,54,1781,477.1818181818182,707.2341646416437,338943.04112554115,354.22727272727275,582.1881492486266,54,1781,354.22727272727275,2544,5249,0.12219656461634092,0.12219656461634092,64240,66,1466,69681,75073,11,11,5249,477.1818181818182,11.753199676982872,45.060038805007935,0,20,3,2,2,8.344650268554688e-06,11.753199676982872,4.286614156904674,45.048693895339966,16.129314242855468,231.27272727272728,231.27272727272728,86.57071164137679
192.168.0.107,142.250.195.97,443,66,1466,793.6428571428571,675.2480577983468,365894.6436781609,469.3333333333333,604.8922579089278,66,1466,469.3333333333333,2969,11111,0.18295378761387446,0.2090900429872851,64240,66,1466,72610,79101,16,14,11111,793.6428571428571,10.177126179824583,47.83897829055786,0,29,7,2,2,6.198883056640625e-06,10.177126179824583,2.6386915897500924,47.83897829055786,13.920592185879752,185.5625,185.5625,183.99923782881086
192.168.0.107,182.79.221.227,443,66,5666,1456.5372093023257,478.72293913953433,580578.8942612548,989.1299694189603,761.9572785013966,66,5666,989.1299694189603,20580,626311,3.473017828027183,1.809199984832765,64240,66,1466,754143,534167,224,430,626311,1456.5372093023257,2.7636858280797267,46.26672577857971,0,653,72,2,2,5.245208740234375e-06,2.7636858280797267,0.18960433459026343,46.26672577857971,4.718758023204626,91.875,91.875,5224.799943698447
127.0.0.1,127.0.0.1,8501,54,54,54.0,0.0,133.33333333333334,64.0,11.547005383792515,54,74,64.0,148,108,27594.105263157893,27594.105263157893,65495,74,74,130990,0,2,2,108,54.0,1.587469129199837e-05,4.2438507080078125e-05,0,2,0,2,0,1.3828277587890625e-05,1.587469129199837e-05,2.4159749348958332e-05,4.2438507080078125e-05,0.0,74.0,74.0,3532045.4736842103
127.0.0.1,127.0.0.1,8501,54,54,54.0,0.0,133.33333333333334,64.0,11.547005383792515,54,74,64.0,148,108,29852.697508896796,29852.697508896796,65495,74,74,130990,0,2,2,108,54.0,1.573803430491964e-05,3.981590270996094e-05,0,2,0,2,0,9.298324584960938e-06,1.573803430491964e-05,2.2331873575846355e-05,3.981590270996094e-05,0.0,74.0,74.0,3821145.28113879
192.168.0.107,31.209.137.10,443,66,732,135.69230769230768,183.03933302953612,287234.2610837438,380.2413793103448,535.9424046329455,66,1472,380.2413793103448,9263,1764,0.3053689139861942,0.3758386633676236,65228,66,1472,72846,66667,16,13,1764,135.69230769230768,5.4725445914997595,21.793639421463013,0,28,8,2,1,1.0728836059570312e-05,5.4725445914997595,1.5204092264175415,21.793639421463013,7.332043428485152,578.9375,578.9375,259.0233088096741
192.168.0.107,85.10.198.55,80,66,598,156.0,216.5585371210288,25361.090909090908,122.9090909090909,159.2516590465886,66,598,122.9090909090909,416,936,12.773246140743215,10.644371783952678,64240,66,144,66246,67705,5,6,936,156.0,0.07555788666336526,0.15891480445861816,0,10,2,2,2,1.3113021850585938e-05,0.07555788666336526,0.04697318077087402,0.15883374214172363,0.09020420919283115,83.2,83.2,2878.2381303808043
127.0.0.1,127.0.0.1,8501,54,54,54.0,0.0,133.33333333333334,64.0,11.547005383792515,54,74,64.0,148,108,61680.94117647059,61680.94117647059,65495,74,74,130990,0,2,2,108,54.0,2.411840900658531e-06,1.3589859008789062e-05,0,2,0,2,0,9.298324584960938e-06,2.411840900658531e-06,1.0808308919270834e-05,1.3589859008789062e-05,0.0,74.0,74.0,7895160.470588235
127.0.0.1,127.0.0.1,8501,54,54,54.0,0.0,133.33333333333334,64.0,11.547005383792515,54,74,64.0,148,108,67108.864,67108.864,65495,74,74,130990,0,2,2,108,54.0,6.677139222238849e-06,1.7642974853515625e-05,0,2,0,2,0,5.9604644775390625e-06,6.677139222238849e-06,9.934107462565104e-06,1.7642974853515625e-05,0.0,74.0,74.0,8589934.592
192.168.0.107,31.209.137.10,443,66,488,120.16666666666667,122.23586241609318,228611.62678062677,327.3703703703704,478.13348217901114,66,1472,327.3703703703704,7397,1442,0.497659647482817,0.6220745593535213,65228,66,1472,72345,66544,15,12,1442,120.16666666666667,3.9557579929156863,20.05291438102722,0,26,7,2,1,1.1205673217773438e-05,3.9557579929156863,0.9274178926761334,20.0528302192688,5.349935079671384,493.1333333333333,493.1333333333333,366.56780200838494
192.168.0.107,116.119.96.79,443,66,1780,478.1818181818182,706.3406852478226,339413.22943722946,359.09090909090907,582.5918206061851,66,1780,359.09090909090907,2640,5260,0.15453184613603513,0.15453184613603513,64240,66,1466,69681,76134,11,11,5260,478.1818181818182,10.722357745511482,47.58730983734131,0,21,3,2,2,9.059906005859375e-06,10.722357745511482,3.389654216312227,47.5764377117157,15.043492263634777,240.0,240.0,110.98196222497069
127.0.0.1,127.0.0.1,8501,54,54,54.0,0.0,133.33333333333334,64.0,11.547005383792515,54,74,64.0,148,108,34663.669421487604,34663.669421487604,65495,74,74,130990,0,2,2,108,54.0,1.7633843851381548e-05,3.9577484130859375e-05,0,2,0,2,0,8.344650268554688e-06,1.7633843851381548e-05,1.9232432047526043e-05,3.9577484130859375e-05,0.0,74.0,74.0,4436949.685950413
127.0.0.1,127.0.0.1,8501,54,54,54.0,0.0,133.33333333333334,64.0,11.547005383792515,54,74,64.0,148,108,43018.502564102564,43018.502564102564,65495,74,74,130990,0,2,2,108,54.0,5.174287417938878e-06,1.8835067749023438e-05,0,2,0,2,0,9.5367431640625e-06,5.174287417938878e-06,1.5497207641601562e-05,1.8835067749023438e-05,0.0,74.0,74.0,5506368.328205128
192.168.0.107,116.119.62.144,443,54,1780,477.09090909090907,707.0498503706021,339029.9567099567,355.6363636363636,582.2627900784634,54,1780,355.6363636363636,2576,5248,0.10641352806088036,0.10641352806088036,64240,66,1466,69681,74937,11,11,5248,477.09090909090907,13.731511647374466,47.44265913963318,0,20,3,2,2,5.9604644775390625e-06,13.731511647374466,4.9223959900084,47.43374967575073,18.89810224335918,234.1818181818182,234.1818181818182,75.68904032257527
192.168.0.107,31.209.137.10,443,66,430,125.5,106.92898434151375,277206.04679802957,385.2413793103448,526.5036056837879,66,1472,385.2413793103448,9415,1757,0.47326454639378746,0.5070691568504865,65228,66,1472,72345,66789,15,14,1757,125.5,4.071538807885868,20.073851823806763,0,28,9,2,1,7.152557373046875e-06,4.071538807885868,1.056491562298366,20.03315806388855,5.670658581368917,627.6666666666666,627.6666666666666,377.66510802224235
127.0.0.1,127.0.0.1,8501,54,54,54.0,0.0,133.33333333333334,64.0,11.547005383792515,54,74,64.0,148,108,54471.48051948052,54471.48051948052,65495,74,74,130990,0,2,2,108,54.0,7.6045187084869934e-06,2.09808349609375e-05,0,2,0,2,0,7.152557373046875e-06,7.6045187084869934e-06,1.2238820393880209e-05,2.09808349609375e-05,0.0,74.0,74.0,6972349.506493507
127.0.0.1,127.0.0.1,8501,54,54,54.0,0.0,133.33333333333334,64.0,11.547005383792515,54,74,64.0,148,108,57852.46896551724,57852.46896551724,65495,74,74,130990,0,2,2,108,54.0,3.861595984540412e-06,1.5974044799804688e-05,0,2,0,2,0,9.059906005859375e-06,3.861595984540412e-06,1.1523564656575521e-05,1.5974044799804688e-05,0.0,74.0,74.0,7405116.027586207
127.0.0.1,127.0.0.1,8501,54,54,54.0,0.0,133.33333333333334,64.0,11.547005383792515,54,74,64.0,148,108,28926.23448275862,28926.23448275862,65495,74,74,130990,0,2,2,108,54.0,1.3347892062646419e-05,3.838539123535156e-05,0,2,0,2,0,1.4066696166992188e-05,1.3347892062646419e-05,2.3047129313151043e-05,3.838539123535156e-05,0.0,74.0,74.0,3702558.0137931034
127.0.0.1,127.0.0.1,8501,54,54,54.0,0.0,133.33333333333334,64.0,11.547005383792515,54,74,64.0,148,108,52103.1552795031,52103.1552795031,65495,74,74,130990,0,2,2,108,54.0,1.7247624726462925e-06,1.4781951904296875e-05,0,2,0,2,0,1.1682510375976562e-05,1.7247624726462925e-06,1.2795130411783854e-05,1.4781951904296875e-05,0.0,74.0,74.0,6669203.875776397
127.0.0.1,127.0.0.1,8501,54,54,54.0,0.0,133.33333333333334,64.0,11.547005383792515,54,74,64.0,148,108,29537.352112676057,29537.352112676057,65495,74,74,130990,0,2,2,108,54.0,1.2278749717505842e-05,3.4809112548828125e-05,0,2,0,2,0,1.0251998901367188e-05,1.2278749717505842e-05,2.2570292154947918e-05,3.4809112548828125e-05,0.0,74.0,74.0,3780781.0704225353
127.0.0.1,127.0.0.1,8501,54,54,54.0,0.0,133.33333333333334,64.0,11.547005383792515,54,74,64.0,148,108,63072.240601503756,63072.240601503756,65495,74,74,130990,0,2,2,108,54.0,3.6496996889766164e-06,1.4781951904296875e-05,0,2,0,2,0,8.344650268554688e-06,3.6496996889766164e-06,1.0569890340169271e-05,1.4781951904296875e-05,0.0,74.0,74.0,8073246.796992481
192.168.0.107,85.10.198.55,80,66,598,156.0,216.5585371210288,25361.090909090908,122.9090909090909,159.2516590465886,66,598,122.9090909090909,416,936,12.13807579814942,10.115063165124516,64240,66,144,66246,67705,5,6,936,156.0,0.07957715021085844,0.17238545417785645,0,10,2,2,2,1.2874603271484375e-05,0.07957715021085844,0.049431228637695314,0.17230558395385742,0.09622053816306333,83.2,83.2,2735.1130798496692
127.0.0.1,127.0.0.1,8501,54,54,54.0,0.0,133.33333333333334,64.0,11.547005383792515,54,74,64.0,148,108,33825.032258064515,33825.032258064515,65495,74,74,130990,0,2,2,108,54.0,1.8304481925798648e-05,4.076957702636719e-05,0,2,0,2,0,7.62939453125e-06,1.8304481925798648e-05,1.9709269205729168e-05,4.076957702636719e-05,0.0,74.0,74.0,4329604.129032258
127.0.0.1,127.0.0.1,8501,54,54,54.0,0.0,133.33333333333334,64.0,11.547005383792515,54,74,64.0,148,108,94254.02247191011,94254.02247191011,65495,74,74,130990,0,2,2,108,54.0,2.3521818458157764e-06,9.775161743164062e-06,0,2,0,2,0,5.4836273193359375e-06,2.3521818458157764e-06,7.0730845133463544e-06,9.775161743164062e-06,0.0,74.0,74.0,12064514.876404494
192.168.0.107,42.99.140.155,443,66,466,158.45454545454547,152.14030605750972,108334.71936758893,227.08695652173913,329.1423998326392,66,1438,227.08695652173913,3480,1743,0.10171020027496712,0.11095658211814594,64240,66,1438,69754,70164,12,11,1743,158.45454545454547,13.706782880366331,48.18397521972656,0,22,7,2,1,3.0517578125e-05,13.706782880366331,4.915927789428017,48.18397521972656,18.500915702676277,290.0,290.0,48.29385236692302
127.0.0.1,127.0.0.1,8501,54,54,54.0,0.0,133.33333333333334,64.0,11.547005383792515,54,74,64.0,148,108,36631.47598253275,36631.47598253275,65495,74,74,130990,0,2,2,108,54.0,1.691316148784351e-05,3.7670135498046875e-05,0,2,0,2,0,7.152557373046875e-06,1.691316148784351e-05,1.819928487141927e-05,3.7670135498046875e-05,0.0,74.0,74.0,4688828.925764192
127.0.0.1,127.0.0.1,8501,54,54,54.0,0.0,133.33333333333334,64.0,11.547005383792515,54,74,64.0,148,108,43018.502564102564,43018.502564102564,65495,74,74,130990,0,2,2,108,54.0,8.606217216386817e-06,2.5272369384765625e-05,0,2,0,2,0,9.059906005859375e-06,8.606217216386817e-06,1.5497207641601562e-05,2.5272369384765625e-05,0.0,74.0,74.0,5506368.328205128
127.0.0.1,127.0.0.1,8501,54,54,54.0,0.0,133.33333333333334,64.0,11.547005383792515,54,74,64.0,148,108,33288.12698412698,33288.12698412698,65495,74,74,130990,0,2,2,108,54.0,1.1798708945902464e-05,3.075599670410156e-05,0,2,0,2,0,7.3909759521484375e-06,1.1798708945902464e-05,2.002716064453125e-05,3.075599670410156e-05,0.0,74.0,74.0,4260880.253968254
127.0.0.1,127.0.0.1,8501,54,54,54.0,0.0,133.33333333333334,64.0,11.547005383792515,54,74,64.0,148,108,62137.83703703704,62137.83703703704,65495,74,74,130990,0,2,2,108,54.0,5.196212462831347e-06,1.6689300537109375e-05,0,2,0,2,0,7.152557373046875e-06,5.196212462831347e-06,1.0728836059570312e-05,1.6689300537109375e-05,0.0,74.0,74.0,7953643.140740741
192.168.0.107,31.209.137.10,443,66,275,106.66666666666667,68.8794668415846,268519.7827956989,370.8709677419355,518.1889450728363,66,1506,370.8709677419355,9897,1600,0.4304824397037439,0.4591812690173268,64240,66,1506,71761,66923,16,15,1600,106.66666666666667,4.381102795312388,20.04162359237671,0,30,9,2,1,1.4781951904296875e-05,4.381102795312388,1.1614875634511312,20.000298500061035,6.081764992727475,618.5625,618.5625,329.9504406182629
127.0.0.1,127.0.0.1,8501,54,54,54.0,0.0,133.33333333333334,64.0,11.547005383792515,54,74,64.0,148,108,5722.106412005457,5722.106412005457,65495,74,74,130990,0,2,2,108,54.0,0.00016340916748513228,0.00030517578125,0,2,0,2,0,1.9788742065429688e-05,0.00016340916748513228,0.00011650721232096355,0.00030517578125,0.0,74.0,74.0,732429.6207366985
127.0.0.1,127.0.0.1,8501,54,54,54.0,0.0,133.33333333333334,64.0,11.547005383792515,54,74,64.0,148,108,58254.22222222222,58254.22222222222,65495,74,74,130990,0,2,2,108,54.0,5.606639869835304e-06,1.7881393432617188e-05,0,2,0,2,0,7.62939453125e-06,5.606639869835304e-06,1.1444091796875e-05,1.7881393432617188e-05,0.0,74.0,74.0,7456540.444444444
127.0.0.1,127.0.0.1,8501,54,54,54.0,0.0,133.33333333333334,64.0,11.547005383792515,54,74,64.0,148,108,22192.084656084655,22192.084656084655,65495,74,74,130990,0,2,2,108,54.0,1.7916327366594495e-05,5.054473876953125e-05,0,2,0,2,0,1.7404556274414062e-05,1.7916327366594495e-05,3.0040740966796875e-05,5.054473876953125e-05,0.0,74.0,74.0,2840586.835978836
127.0.0.1,127.0.0.1,8501,54,54,54.0,0.0,133.33333333333334,64.0,11.547005383792515,54,74,64.0,148,108,23497.501400560224,23497.501400560224,65495,74,74,130990,0,2,2,108,54.0,3.0404679260490824e-05,6.341934204101562e-05,0,2,0,2,0,9.059906005859375e-06,3.0404679260490824e-05,2.8371810913085938e-05,6.341934204101562e-05,0.0,74.0,74.0,3007680.1792717087
192.168.0.107,151.101.2.137,443,66,2874,944.3684210526316,706.607120298218,486636.42873065826,624.1854838709677,697.5933118448444,54,2874,624.1854838709677,5627,71772,0.12453124053295939,0.07865130981029014,64240,54,1474,106931,87388,48,76,71772,944.3684210526316,14.017915766720792,46.205750703811646,0,122,34,2,3,6.4373016357421875e-06,14.017915766720792,4.961696167302326,46.205750703811646,20.38104232615465,117.22916666666667,117.22916666666667,126.82359850013847
192.168.0.107,85.10.198.55,80,66,598,156.0,216.5585371210288,25361.090909090908,122.9090909090909,159.2516590465886,66,598,122.9090909090909,416,936,10.240433351671783,8.533694459726485,64240,66,144,66246,67705,5,6,936,156.0,0.09805994997822595,0.17048239707946777,0,10,2,2,2,1.3113021850585938e-05,0.09805994997822595,0.058591270446777345,0.26074934005737305,0.09400139579547154,83.2,83.2,2307.5109819100417
127.0.0.1,127.0.0.1,8501,54,54,54.0,0.0,133.33333333333334,64.0,11.547005383792515,54,74,64.0,148,108,22982.487671232877,22982.487671232877,65495,74,74,130990,0,2,2,108,54.0,2.2594904128922603e-05,5.507469177246094e-05,0,2,0,2,0,1.5020370483398438e-05,2.2594904128922603e-05,2.9007593790690105e-05,5.507469177246094e-05,0.0,74.0,74.0,2941758.4219178082
127.0.0.1,127.0.0.1,8501,54,54,54.0,0.0,133.33333333333334,64.0,11.547005383792515,54,74,64.0,148,108,53430.62420382166,53430.62420382166,65495,74,74,130990,0,2,2,108,54.0,1.8519052183995316e-06,1.4543533325195312e-05,0,2,0,2,0,1.0967254638671875e-05,1.8519052183995316e-06,1.2477238972981771e-05,1.4543533325195312e-05,0.0,74.0,74.0,6839119.898089172
127.0.0.1,127.0.0.1,8501,54,54,54.0,0.0,133.33333333333334,64.0,11.547005383792515,54,74,64.0,148,108,16320.249027237354,16320.249027237354,65495,74,74,130990,0,2,2,108,54.0,3.8732808552708024e-05,8.416175842285156e-05,0,2,0,2,0,9.5367431640625e-06,3.8732808552708024e-05,4.084904988606771e-05,8.416175842285156e-05,0.0,74.0,74.0,2088991.8754863814
127.0.0.1,127.0.0.1,8501,54,54,54.0,0.0,133.33333333333334,64.0,11.547005383792515,54,74,64.0,148,108,76260.07272727272,76260.07272727272,65495,74,74,130990,0,2,2,108,54.0,1.5141613390650471e-06,1.049041748046875e-05,0,2,0,2,0,7.867813110351562e-06,1.5141613390650471e-06,8.742014567057291e-06,1.049041748046875e-05,0.0,74.0,74.0,9761289.309090909
127.0.0.1,127.0.0.1,8501,54,54,54.0,0.0,133.33333333333334,64.0,11.547005383792515,54,74,64.0,148,108,34379.54098360656,34379.54098360656,65495,74,74,130990,0,2,2,108,54.0,1.860021491792943e-05,4.076957702636719e-05,0,2,0,2,0,6.9141387939453125e-06,1.860021491792943e-05,1.9391377766927082e-05,4.076957702636719e-05,0.0,74.0,74.0,4400581.24590164
127.0.0.1,127.0.0.1,8501,54,54,54.0,0.0,133.33333333333334,64.0,11.547005383792515,54,74,64.0,148,108,64035.17557251908,64035.17557251908,65495,74,74,130990,0,2,2,108,54.0,4.411280659477843e-06,1.049041748046875e-05,0,2,0,2,0,5.9604644775390625e-06,4.411280659477843e-06,1.0410944620768229e-05,1.4781951904296875e-05,0.0,74.0,74.0,8196502.473282442
127.0.0.1,127.0.0.1,8501,54,54,54.0,0.0,133.33333333333334,64.0,11.547005383792515,54,74,64.0,148,108,40136.88038277512,40136.88038277512,65495,74,74,130990,0,2,2,108,54.0,1.4776823733490581e-05,3.361701965332031e-05,0,2,0,2,0,6.9141387939453125e-06,1.4776823733490581e-05,1.6609827677408855e-05,3.361701965332031e-05,0.0,74.0,74.0,5137520.688995215
127.0.0.1,127.0.0.1,8501,54,54,54.0,0.0,133.33333333333334,64.0,11.547005383792515,54,74,64.0,148,108,52103.1552795031,52103.1552795031,65495,74,74,130990,0,2,2,108,54.0,7.357573143488019e-06,2.1219253540039062e-05,0,2,0,2,0,7.62939453125e-06,7.357573143488019e-06,1.2795130411783854e-05,2.1219253540039062e-05,0.0,74.0,74.0,6669203.875776397
127.0.0.1,127.0.0.1,8501,54,54,54.0,0.0,133.33333333333334,64.0,11.547005383792515,54,74,64.0,148,108,43690.666666666664,43690.666666666664,65495,74,74,130990,0,2,2,108,54.0,1.2821511897801162e-05,3.0040740966796875e-05,0,2,0,2,0,7.152557373046875e-06,1.2821511897801162e-05,1.52587890625e-05,3.0040740966796875e-05,0.0,74.0,74.0,5592405.333333333
127.0.0.1,127.0.0.1,8501,54,54,54.0,0.0,133.33333333333334,64.0,11.547005383792515,54,74,64.0,148,108,45839.38797814208,45839.38797814208,65495,74,74,130990,0,2,2,108,54.0,5.228927659859969e-06,1.6689300537109375e-05,0,2,0,2,0,8.58306884765625e-06,5.228927659859969e-06,1.4543533325195312e-05,1.8358230590820312e-05,0.0,74.0,74.0,5867441.661202186
192.168.0.107,85.10.198.55,80,66,598,156.0,216.5585371210288,25361.090909090908,122.9090909090909,159.2516590465886,66,598,122.9090909090909,416,936,9.103483302265902,7.586236085221586,64240,66,144,66246,67705,5,6,936,156.0,0.10845443458678057,0.24429750442504883,0,10,2,2,2,1.6450881958007812e-05,0.10845443458678057,0.06590883731842041,0.2505497932434082,0.12235273091401894,83.2,83.2,2051.3182374439166
127.0.0.1,127.0.0.1,8501,54,54,54.0,0.0,133.33333333333334,64.0,11.547005383792515,54,74,64.0,148,108,34807.5020746888,34807.5020746888,65495,74,74,130990,0,2,2,108,54.0,1.9146857602218644e-05,4.124641418457031e-05,0,2,0,2,0,7.3909759521484375e-06,1.9146857602218644e-05,1.915295918782552e-05,4.124641418457031e-05,0.0,74.0,74.0,4455360.265560166
127.0.0.1,127.0.0.1,8501,54,54,54.0,0.0,133.33333333333334,64.0,11.547005383792515,54,74,64.0,148,108,99864.38095238095,99864.38095238095,65495,74,74,130990,0,2,2,108,54.0,1.3274584681582502e-06,8.106231689453125e-06,0,2,0,2,0,5.4836273193359375e-06,1.3274584681582502e-06,6.67572021484375e-06,8.106231689453125e-06,0.0,74.0,74.0,12782640.761904761
192.168.0.107,31.209.137.46,443,66,2946,560.0,910.0879078418743,438450.347826087,365.5,662.1558334909441,66,2946,365.5,3172,5600,0.09948270631193534,0.13927578883670946,64240,66,1506,71793,69664,14,10,5600,560.0,12.166956776519601,46.12005567550659,0,23,9,2,1,1.4066696166992188e-05,12.166956776519601,4.370434066523677,46.12005567550659,15.614608132564802,226.57142857142858,226.57142857142858,87.26622997682968
192.168.0.107,42.99.140.155,443,66,466,138.64285714285714,139.122307641573,104764.67980295567,222.41379310344828,323.67372430111726,66,1438,222.41379310344828,4509,1941,0.09150085586351718,0.09803663128233985,64240,66,1438,71258,71668,15,14,1941,138.64285714285714,14.171379904689374,45.28338074684143,0,28,8,2,2,2.765655517578125e-05,14.171379904689374,5.464429761682238,45.28338074684143,18.797742734816694,300.6,300.6,42.15575145140613
127.0.0.1,127.0.0.1,8501,54,54,54.0,0.0,133.33333333333334,64.0,11.547005383792515,54,74,64.0,148,108,27324.456026058633,27324.456026058633,65495,74,74,130990,0,2,2,108,54.0,1.1680888368280307e-05,3.0040740966796875e-05,0,2,0,2,0,1.0967254638671875e-05,1.1680888368280307e-05,2.4398167928059895e-05,3.218650817871094e-05,0.0,74.0,74.0,3497530.371335505
127.0.0.1,127.0.0.1,8501,54,54,54.0,0.0,133.33333333333334,64.0,11.547005383792515,54,74,64.0,148,108,41734.36815920398,41734.36815920398,65495,74,74,130990,0,2,2,108,54.0,7.882249476822157e-06,2.288818359375e-05,0,2,0,2,0,7.3909759521484375e-06,7.882249476822157e-06,1.5974044799804688e-05,2.288818359375e-05,0.0,74.0,74.0,5341999.124378109
127.0.0.1,127.0.0.1,8501,54,54,54.0,0.0,133.33333333333334,64.0,11.547005383792515,54,74,64.0,148,108,95325.09090909091,95325.09090909091,65495,74,74,130990,0,2,2,108,54.0,1.3970053856569089e-06,8.58306884765625e-06,0,2,0,2,0,5.9604644775390625e-06,1.3970053856569089e-06,6.993611653645833e-06,8.58306884765625e-06,0.0,74.0,74.0,12201611.636363637
127.0.0.1,127.0.0.1,8501,54,54,54.0,0.0,133.33333333333334,64.0,11.547005383792515,54,74,64.0,148,108,49636.73372781065,49636.73372781065,65495,74,74,130990,0,2,2,108,54.0,1.0272309049670703e-05,2.5272369384765625e-05,0,2,0,2,0,6.9141387939453125e-06,1.0272309049670703e-05,1.3430913289388021e-05,2.5272369384765625e-05,0.0,74.0,74.0,6353501.917159763
127.0.0.1,127.0.0.1,8501,54,54,54.0,0.0,133.33333333333334,64.0,11.547005383792515,54,74,64.0,148,108,48210.3908045977,48210.3908045977,65495,74,74,130990,0,2,2,108,54.0,4.567442908446316e-06,1.5974044799804688e-05,0,2,0,2,0,8.58306884765625e-06,4.567442908446316e-06,1.3828277587890625e-05,1.6927719116210938e-05,0.0,74.0,74.0,6170930.022988506
127.0.0.1,127.0.0.1,8501,54,54,54.0,0.0,133.33333333333334,64.0,11.547005383792515,54,74,64.0,148,108,23696.632768361582,23696.632768361582,65495,74,74,130990,0,2,2,108,54.0,2.2147276612484715e-05,5.364418029785156e-05,0,2,0,2,0,1.3828277587890625e-05,2.2147276612484715e-05,2.8133392333984375e-05,5.364418029785156e-05,0.0,74.0,74.0,3033168.9943502825
127.0.0.1,127.0.0.1,8501,54,54,54.0,0.0,133.33333333333334,64.0,11.547005383792515,54,74,64.0,148,108,50231.18562874252,50231.18562874252,65495,74,74,130990,0,2,2,108,54.0,1.912309235813771e-06,1.52587890625e-05,0,2,0,2,0,1.1444091796875e-05,1.912309235813771e-06,1.3271967569986979e-05,1.52587890625e-05,0.0,74.0,74.0,6429591.760479042
192.168.0.107,85.10.198.55,80,66,598,156.0,216.5585371210288,25361.090909090908,122.9090909090909,159.2516590465886,66,598,122.9090909090909,416,936,8.804232330363584,7.336860275302986,64240,66,144,66246,67705,5,6,936,156.0,0.11174475130859568,0.2531566619873047,0,10,2,2,2,1.2874603271484375e-05,0.11174475130859568,0.0681490421295166,0.2535583972930908,0.12759160544795553,83.2,83.2,1983.8870184419275
127.0.0.1,127.0.0.1,8501,54,54,54.0,0.0,133.33333333333334,64.0,11.547005383792515,54,74,64.0,148,108,29433.712280701755,29433.712280701755,65495,74,74,130990,0,2,2,108,54.0,1.184678864365086e-05,3.504753112792969e-05,0,2,0,2,0,1.1444091796875e-05,1.184678864365086e-05,2.2649765014648438e-05,3.504753112792969e-05,0.0,74.0,74.0,3767515.1719298246
127.0.0.1,127.0.0.1,8501,54,54,54.0,0.0,133.33333333333334,64.0,11.547005383792515,54,74,64.0,148,108,59493.67375886525,59493.67375886525,65495,74,74,130990,0,2,2,108,54.0,2.489163043239248e-06,1.4066696166992188e-05,0,2,0,2,0,9.5367431640625e-06,2.489163043239248e-06,1.1205673217773438e-05,1.4066696166992188e-05,0.0,74.0,74.0,7615190.241134752
127.0.0.1,127.0.0.1,8501,54,54,54.0,0.0,133.33333333333334,64.0,11.547005383792515,54,74,64.0,148,108,35098.77824267782,35098.77824267782,65495,74,74,130990,0,2,2,108,54.0,1.7120269140776176e-05,3.8623809814453125e-05,0,2,0,2,0,7.152557373046875e-06,1.7120269140776176e-05,1.899401346842448e-05,3.8623809814453125e-05,0.0,74.0,74.0,4492643.615062761
127.0.0.1,127.0.0.1,8501,54,54,54.0,0.0,133.33333333333334,64.0,11.547005383792515,54,74,64.0,148,108,60787.014492753624,60787.014492753624,65495,74,74,130990,0,2,2,108,54.0,5.452440560354839e-06,1.71661376953125e-05,0,2,0,2,0,6.9141387939453125e-06,5.452440560354839e-06,1.0967254638671875e-05,1.71661376953125e-05,0.0,74.0,74.0,7780737.855072464
